insert into ub.students (studentid, first_name, second_name, sex, group_name) values
(1, 'Мария', 'Мишина', 'female', 'Г_6'),
(2, 'Пантелеймон', 'Волков', 'male', 'Г_6'),
(3, 'Иванна', 'Меркушева', 'female', 'Г_8'),
(4, 'Сократ', 'Мартынов', 'male', 'Г_5'),
(5, 'Милица', 'Русакова', 'female', 'Г_7'),
(6, 'Клавдия', 'Меркушева', 'female', 'Г_8'),
(7, 'Самсон', 'Ефимов', 'male', 'Г_4'),
(8, 'Фортунат', 'Рожков', 'male', 'Г_2'),
(9, 'Екатерина', 'Селезнева', 'female', 'Г_7'),
(10, 'Вышеслав', 'Бобров', 'male', 'Г_4'),
(11, 'Вышеслав', 'Симонов', 'male', 'Г_2'),
(12, 'Антонина', 'Орехова', 'female', 'Г_6'),
(13, 'Ипатий', 'Буров', 'male', 'Г_1'),
(14, 'Твердислав', 'Крюков', 'male', 'Г_5'),
(15, 'Элеонора', 'Мясникова', 'female', 'Г_5'),
(16, 'Гедеон', 'Никифоров', 'male', 'Г_1'),
(17, 'Валерьян', 'Артемьев', 'male', 'Г_2'),
(18, 'Афанасий', 'Мясников', 'male', 'Г_5'),
(19, 'Максимильян', 'Воронов', 'male', 'Г_3'),
(20, 'Федот', 'Комаров', 'male', 'Г_5'),
(21, 'Людмила', 'Кудряшова', 'female', 'Г_1'),
(22, 'Лариса', 'Костина', 'female', 'Г_7'),
(23, 'Елизар', 'Меркушев', 'male', 'Г_6'),
(24, 'Устин', 'Архипов', 'male', 'Г_3'),
(25, 'Нинель', 'Князева', 'female', 'Г_1'),
(26, 'Регина', 'Осипова', 'female', 'Г_8'),
(27, 'Аркадий', 'Константинов', 'male', 'Г_3'),
(28, 'Трофим', 'Фомичев', 'male', 'Г_2'),
(29, 'Агафья', 'Тарасова', 'female', 'Г_8'),
(30, 'Милица', 'Рогова', 'female', 'Г_5'),
(31, 'Ярослав', 'Смирнов', 'male', 'Г_5'),
(32, 'Эмилия', 'Горшкова', 'female', 'Г_3'),
(33, 'Лора', 'Николаева', 'female', 'Г_3'),
(34, 'Лидия', 'Крюкова', 'female', 'Г_6'),
(35, 'Ангелина', 'Пономарева', 'female', 'Г_3'),
(36, 'Ферапонт', 'Поляков', 'male', 'Г_7'),
(37, 'Жанна', 'Брагина', 'female', 'Г_5'),
(38, 'Вероника', 'Брагина', 'female', 'Г_2'),
(39, 'Тихон', 'Третьяков', 'male', 'Г_3'),
(40, 'Будимир', 'Федоров', 'male', 'Г_2'),
(41, 'Лариса', 'Шашкова', 'female', 'Г_1'),
(42, 'Раиса', 'Тетерина', 'female', 'Г_5'),
(43, 'Пелагея', 'Киселева', 'female', 'Г_4'),
(44, 'Ладислав', 'Жданов', 'male', 'Г_6'),
(45, 'Кузьма', 'Крюков', 'male', 'Г_4'),
(46, 'Варвара', 'Хохлова', 'female', 'Г_6'),
(47, 'Лора', 'Авдеева', 'female', 'Г_6'),
(48, 'София', 'Ершова', 'female', 'Г_3'),
(49, 'Элеонора', 'Хохлова', 'female', 'Г_7'),
(50, 'Фрол', 'Дмитриев', 'male', 'Г_4'),
(51, 'Нинель', 'Тарасова', 'female', 'Г_5'),
(52, 'Фёкла', 'Лаврентьева', 'female', 'Г_4'),
(53, 'Никандр', 'Филиппов', 'male', 'Г_2'),
(54, 'Фирс', 'Журавлев', 'male', 'Г_5'),
(55, 'Корнил', 'Герасимов', 'male', 'Г_1'),
(56, 'Евгений', 'Бирюков', 'male', 'Г_7'),
(57, 'Евгения', 'Морозова', 'female', 'Г_8'),
(58, 'Юлий', 'Прохоров', 'male', 'Г_8'),
(59, 'Иванна', 'Мухина', 'female', 'Г_7'),
(60, 'Архип', 'Беляев', 'male', 'Г_7'),
(61, 'Василиса', 'Шашкова', 'female', 'Г_1'),
(62, 'Геннадий', 'Стрелков', 'male', 'Г_7'),
(63, 'Андрей', 'Одинцов', 'male', 'Г_2'),
(64, 'Анжелика', 'Самсонова', 'female', 'Г_6'),
(65, 'Тимур', 'Федосеев', 'male', 'Г_1'),
(66, 'Марфа', 'Дьячкова', 'female', 'Г_2'),
(67, 'Светлана', 'Егорова', 'female', 'Г_6'),
(68, 'Регина', 'Корнилова', 'female', 'Г_1'),
(69, 'Жанна', 'Якушева', 'female', 'Г_4'),
(70, 'Ермолай', 'Самсонов', 'male', 'Г_4'),
(71, 'Харитон', 'Шарапов', 'male', 'Г_6'),
(72, 'Наина', 'Савина', 'female', 'Г_2'),
(73, 'Кир', 'Савельев', 'male', 'Г_1'),
(74, 'Семен', 'Нестеров', 'male', 'Г_8'),
(75, 'Людмила', 'Михайлова', 'female', 'Г_2'),
(76, 'Любосмысл', 'Костин', 'male', 'Г_5'),
(77, 'Валерия', 'Мартынова', 'female', 'Г_6'),
(78, 'Фрол', 'Евдокимов', 'male', 'Г_2'),
(79, 'Лора', 'Сазонова', 'female', 'Г_6'),
(80, 'Евдокия', 'Николаева', 'female', 'Г_1'),
(81, 'Акулина', 'Гурьева', 'female', 'Г_6'),
(82, 'Касьян', 'Андреев', 'male', 'Г_8'),
(83, 'Елена', 'Давыдова', 'female', 'Г_7'),
(84, 'Глафира', 'Миронова', 'female', 'Г_8'),
(85, 'Парфен', 'Авдеев', 'male', 'Г_8'),
(86, 'Анастасия', 'Комарова', 'female', 'Г_2'),
(87, 'Галактион', 'Красильников', 'male', 'Г_5'),
(88, 'Елена', 'Соловьева', 'female', 'Г_4'),
(89, 'Ульяна', 'Калашникова', 'female', 'Г_2'),
(90, 'Творимир', 'Елисеев', 'male', 'Г_7'),
(91, 'Афанасий', 'Козлов', 'male', 'Г_1'),
(92, 'Владилен', 'Калашников', 'male', 'Г_6'),
(93, 'Евгений', 'Кошелев', 'male', 'Г_5'),
(94, 'Ульяна', 'Ковалева', 'female', 'Г_8'),
(95, 'Марфа', 'Тарасова', 'female', 'Г_4'),
(96, 'Моисей', 'Щукин', 'male', 'Г_6'),
(97, 'Виктор', 'Петров', 'male', 'Г_2'),
(98, 'Элеонора', 'Лебедева', 'female', 'Г_4'),
(99, 'Евлампий', 'Силин', 'male', 'Г_2'),
(100, 'Евгения', 'Терентьева', 'female', 'Г_3');

insert into ub.teachers (teacherid, first_name, second_name, sex) values
(1, 'Варвара', 'Архипова', 'female'),
(2, 'Епифан', 'Артемьев', 'male'),
(3, 'Анастасия', 'Колобова', 'female'),
(4, 'Азарий', 'Некрасов', 'male'),
(5, 'Наталья', 'Орехова', 'female'),
(6, 'Варлаам', 'Щукин', 'male'),
(7, 'Казимир', 'Виноградов', 'male'),
(8, 'Ефрем', 'Богданов', 'male'),
(9, 'Клавдия', 'Шестакова', 'female'),
(10, 'Нина', 'Королева', 'female');

insert into ub.lessons (subjectid, name, group_name, teacherid) values
(1, 'Робототехника', 'Г_6', 7),
(2, 'Проектирование и управление системами', 'Г_1', 8),
(3, 'Возобновляемая энергия', 'Г_3', 7),
(4, 'Нанотехнология', 'Г_3', 2),
(5, 'Химия', 'Г_8', 5),
(6, 'Менеджмент', 'Г_3', 4),
(7, 'Математика', 'Г_3', 4),
(8, 'Науки о здоровье и технологии', 'Г_3', 3),
(9, 'Физика', 'Г_7', 3),
(10, 'Аэронавтика и астронавтика', 'Г_1', 3),
(11, 'Финансы', 'Г_5', 3),
(12, 'Энергетические исследования', 'Г_7', 1),
(13, 'Химическая инженерия', 'Г_3', 1),
(14, 'Биологическая инженерия', 'Г_1', 7),
(15, 'Микробиология', 'Г_8', 3),
(16, 'Биология', 'Г_1', 1),
(17, 'Интегрированный дизайн и управление', 'Г_7', 1),
(18, 'Искусственный интеллект', 'Г_7', 6),
(19, 'Вычислительные науки и инженерия', 'Г_8', 1),
(20, 'Электротехника и компьютерные науки', 'Г_3', 2);